filename,width,height,class,xmin,ymin,xmax,ymax
41_jpg.rf.cdb7ae16240ab3bdd791570b2e394d70.jpg,416,416,cube,71,17,414,396
31m_jpg.rf.7d668b72ee058b5723f8395c8f7273bf.jpg,416,416,mouse,82,56,357,288
34m_jpg.rf.7ffe4757bb9745c68986cc10093923f0.jpg,416,416,mouse,91,50,370,307
52_jpg.rf.a6142444d6cba6b78534cfc869d03fcd.jpg,416,416,cube,108,160,292,371
48m_jpg.rf.07a7acb6354bd593b08430f278bf3acc.jpg,416,416,mouse,124,63,329,190
14_jpg.rf.16e06947c679bd205c0a282307a3de82.jpg,416,416,cube,123,36,338,255
16_jpg.rf.3b1801bb4a263e3e6b088f156dd64a48.jpg,416,416,cube,125,36,336,255
33m_jpg.rf.60412762d1a1eaa749a22bc981d91e28.jpg,416,416,mouse,96,48,353,297
67m_jpg.rf.75f1a991716c1935dabc34d767c8273d.jpg,416,416,mouse,101,134,346,295
38m_jpg.rf.0a6e2d9d51f4707972cbc93cbf09cbaf.jpg,416,416,mouse,97,48,360,292
9m_jpg.rf.4cddbc0cb52fee28f7125082840fbd94.jpg,416,416,mouse,2,113,228,394
30m_jpg.rf.00f3de44acf8e92b9b084cadab7e406a.jpg,416,416,mouse,89,128,355,275
43_jpg.rf.1dd750ddab51711462c1e8f5cd76be5b.jpg,416,416,cube,76,13,414,401
65_jpg.rf.3963ad6e1c2767c5663d5b4deb921df5.jpg,416,416,cube,130,82,295,295
3_jpg.rf.2d2eb6304673a54cdfa7c56c10949473.jpg,416,416,cube,143,171,288,325
61m_jpg.rf.14b4b9953f42e82972d35225534c8f8e.jpg,416,416,mouse,89,141,346,323
7_jpg.rf.7c5bb13200cdd58101fd5a895eed6115.jpg,416,416,cube,56,24,204,169
47m_jpg.rf.28ad23db6d220d1379bb0ca8d9b79808.jpg,416,416,mouse,126,65,318,184
59m_jpg.rf.62d036bdc2236783bed79a8d1736ded7.jpg,416,416,mouse,97,140,334,322
39m_jpg.rf.6fbafa127249f27dcd627fdfb0b01dda.jpg,416,416,mouse,108,203,308,349
15m_jpg.rf.9cef3546045ec0a6b3ce8e53d35a3076.jpg,416,416,mouse,80,58,407,219
45_jpg.rf.9696d4d0aad1e7bff2e616d7adbe6e02.jpg,416,416,cube,125,113,335,353
42_jpg.rf.b803ebd4a94fc65b45cc1f6e5b66bf20.jpg,416,416,cube,69,19,414,401
44_jpg.rf.52063fc81ee57b4fddd97b7dedd97b29.jpg,416,416,cube,130,119,336,355
64m_jpg.rf.68c6f2bbe87fa203e67b5279ace4ab68.jpg,416,416,mouse,83,136,340,320
4_jpg.rf.2030dfcb9c59baa059b1305968eaa734.jpg,416,416,cube,143,171,288,325
2_jpg.rf.43bc697503304bbd0c00e532c796729a.jpg,416,416,cube,145,173,284,321
67_jpg.rf.9ee8f1fff3ee56543bffb057ae1e87fb.jpg,416,416,cube,154,43,398,325
54_jpg.rf.ea38c304387b2838165fbb9c2ac3c4d5.jpg,416,416,cube,234,93,410,282
1m_jpg.rf.7ce7770d720c10fe06621a83a664d217.jpg,416,416,mouse,0,124,231,394
8m_jpg.rf.b452a6828634576bb9077b2039fb6e21.jpg,416,416,mouse,0,119,231,391
0_jpg.rf.8f20f70f3a5ef350eea8f60d67dcd75b.jpg,416,416,cube,143,163,282,329
8_jpg.rf.c4576f469e650cf6837447d01997e706.jpg,416,416,cube,56,26,201,171
0m_jpg.rf.2edac2abdf30a00bd42996154e5fb022.jpg,416,416,mouse,4,123,230,401
19_jpg.rf.f2b60510c70e29c46890deee715acefd.jpg,416,416,cube,0,70,385,413
37m_jpg.rf.a0fbaeec1af3d42a259b4b34d46a35bd.jpg,416,416,mouse,93,45,356,292
17_jpg.rf.f1970800d9e5a495b7614ca272c1a9fc.jpg,416,416,cube,6,65,399,414
66_jpg.rf.815a3458e2a29aafd90771445d739dfd.jpg,416,416,cube,163,44,405,327
24_jpg.rf.c418a19dcd8a7928f521d207c0c98ad8.jpg,416,416,cube,30,37,375,373
55_jpg.rf.9e0106962ae61191502c8d3162fa0130.jpg,416,416,cube,229,91,411,275
15_jpg.rf.f6e5bdeae6bee1300f81224ffe518074.jpg,416,416,cube,125,26,336,258
11m_jpg.rf.cbf47eba5cc0f925d08d3856d741271a.jpg,416,416,mouse,102,197,372,362
6_jpg.rf.0c6a6908a32112d670407464becc6248.jpg,416,416,cube,52,26,206,169
5_jpg.rf.283735ad9cc3c90f0f594f07c61352b1.jpg,416,416,cube,54,24,204,175
18_jpg.rf.0dbf62d55ded8612792c478b997f5ce1.jpg,416,416,cube,0,71,394,412
10m_jpg.rf.2986484e9f93adc68f7427b85d0c1c2d.jpg,416,416,mouse,95,197,377,364
35m_jpg.rf.8bafdb3f43a09a27fb8d401dedd3f52f.jpg,416,416,mouse,100,45,368,294
58m_jpg.rf.a5d42ce96f89b61e85a065a70e031f51.jpg,416,416,mouse,85,139,340,316
48_jpg.rf.c93632f8edbffdd0e6ecdb038868d0cf.jpg,416,416,cube,150,108,355,349
65m_jpg.rf.e830cffc864f517ca1f54920651b4c45.jpg,416,416,mouse,99,132,335,293
53_jpg.rf.2fb9bb3f1ce4e24eec182f18d3d97ea9.jpg,416,416,cube,230,93,409,278
57m_jpg.rf.60423e0525bff3566cd85dab3f459a27.jpg,416,416,mouse,126,65,331,188